politics , no more posts related to the nRA

business , How do you respond to Yelp extortion? Recieved this email today.

business , A $50 Million Lawsuit Over Stinky Pigs Has the Whole Pork Industry Scared

technology , US Cable TV prices have been soaring for 20 years, which probably explains why everyone’s cutting the cord

business , Sprint, T-Mobile set to announce a $26 billion merger, sources say

business , Delegation is the secret for building a healthy business.

technology , 95% of IT “Engineers” in India Incapable, New Report Reveals

business , "One US survey compared MBA students to people who were imprisoned in low-security prisons and found that the latter were more ethical."

business , US economic growth slows to 2.3%

business , Does anyone have advice on how to start a commercial space ?

business , Why are Powerlikes a Guaranteed Way to Grow on Instagram in 2018

business , The dam isn’t about to burst, but prices are rising under the Fed’s watchful eye

business , Student looking for help.

business , A guy at work...

business , IBM turnover shrinks $28bn in 6 years but execs laugh all the way to the bank

business , Documents Show WeWork Owes $18 Billion and Is Quickly Burning Cash as It Seeks New Funding

business , One person running IT, Finance and HR - ethical?

business , How Amazon avoids paying taxes

business , Growth Cooled in First Quarter as Consumers Reined In Spending

business , about the economics of apps

entertainment , Box Office: 'Avengers: Infinity War' Heads for Massive $225M-$235M U.S. Bow

entertainment , Janice Dickinson Breaks Her Silence After Bill Cosby Is Found Guilty: 'I Hope He Rots in Prison'

entertainment , Stranger Things Is 'Definitely' Getting a Fourth Season

politics , Judge orders house arrest for Bill Cosby

sports , I miss Craig Ferguson. Anyone know what he's up to these days?

entertainment , Cliff Huxtable Was Bill Cosby’s Sickest Joke: If a sexual predator wanted to come up with a smoke screen for his ghastly conquests, he couldn’t do better than Cliff Huxtable. Cliff is the reason for the cognitive dissonance we’ve been experiencing, seeming inseparable from the man who portrayed him.

entertainment , Abba announce first new songs for 35 years | Music

entertainment , Restaurant Worker Sues Katt Williams for Allegedly Throwing Salt Shaker

entertainment , Michelle McNamara Died Pursuing the Golden State Killer. Her Husband, Patton Oswalt, Has Questions for Him.

entertainment , Amy Schumer Hospitalized

entertainment , Kenya bans Rafiki ahead of Cannes debut over lesbian scenes

entertainment , Tom Brokaw Accused of Sexual Harassment in Video

entertainment , Bill Cosby found guilty by Pennsylvania jury in sexual assault trial

business , What Do We Do With These Men?: Men felled by #MeToo are going to stage comebacks. So it’s time to talk about what it looks like when they do.

entertainment , Amy Schumer Hospitalized With a 'Horrible Kidney Infection'

entertainment , Tom Brokaw denies sexually harassing former NBC News colleague

entertainment , Billboard Latin Music Awards: Daddy Yankee, Luis Fonsi Top Winners List

entertainment , Bill Cosby Convicted of Drugging and Molesting a Woman - Bloomberg

entertainment , Janelle Monáe Comes Out... Frees Herself

business , Why The Simpsons Should End

health , New Meta-analysis confirms: No association between vaccines and autism

health , A new study involving teens in Chinese high schools found a positive relationship between midday napping and nighttime sleep. In China, naps are built into the post-lunch schedule at schools. Habitual nappers (who napped more often) tended to have a better nighttime sleep and neurocognitive scores.

health , HKU scientists invent drug for HIV-1 prevention

health , Scientists report that six people with severe spinal cord injuries — three of them completely paralyzed — have regained use of their hands and fingers for the first time in years after undergoing a nonsurgical, noninvasive spinal stimulation procedure the researchers developed.

health , Drinking baking soda could be an inexpensive, safe way to combat autoimmune disease

health , Doctor Turns Up Possible Treatment For Deadly Sepsis - IV Vitamin C

health , Retirement Transition Increases Sitting during Free Time - "According to Finnish longitudinal cohort study, the amount of sitting during free time increases after transitioning to retirement. In general, sedentary behaviour is known to be associated with several health issues."

health , An outbreak of toxic caterpillars that can cause asthma attacks, vomiting and skin rashes has descended on London, officials have warned.

health , Five things you might be surprised affect weight

health , Third of early deaths could be prevented by everyone giving up meat, Harvard says

health , Both in rich and poor countries, universal health care brings huge benefits - The argument for universal health care is clear. But getting there is difficult

health , Are We Prepared For A Killer Flu Epidemic? — Gates Foundation Launches $12 Million Challenge To Develop Universal Flu Vaccine

health , Dark chocolate may give your brain a boost, studies suggest

health , DoD: At least 126 bases report water contaminants linked to cancer, birth defects

health , Third of early deaths could be prevented by everyone giving up meat, Harvard says

health , Chinese physician released after 3 months in jail for criticizing a traditional medicine - Lawyers and physicians fear the case could silence scientific debate on traditional remedies.

health , Autism: Cases on the Rise; Reason for Increase a Mystery

health , "WASHINGTON — Researchers say they have found physical proof that Gulf War illness is caused by damage to the brain — and that proof may ultimately help civilians who suffer from chronic fatigue syndrome and fibromyalgia."

health , NHS preparing to offer ‘game changing’ cancer treatment

health , New studies show dark chocolate consumption reduces stress and inflammation, while improving memory, immunity and mood - Data represent first human trials examining the impact of dark chocolate consumption on cognition and other brain functions

politics , Saturday Morning Political Cartoon Thread

politics , Seattle Vacates Hundreds of Marijuana Charges Going Back 30 Years

politics , Most Trump voters 'don't want to see a female president in their lifetime', poll finds

politics , There’s New Evidence Trump Obstructed Justice in the House Intelligence Committee’s Minority Report

politics , Hawaii becomes 12th state to ban gay conversion therapy for minors

politics , Tonight is the White House Correspondents' Dinner. Trump is skipping it again.

politics , Stormy Daniels lawyer: Hopefully someone 'really good looking' plays me in a Trump movie

politics , Trump's rhetoric will never unify Americans — because Trump doesn't want to unify Americans

politics , Conservatives will never get the respect they crave. They don’t deserve it.

politics , Golf course that called the police on black women loses business, faces call for state investigation

business , How the baby boomers — not millennials — screwed America

politics , Most Americans Think Teachers Deserve More Money

politics , Recognizing Powerful Interests Running the Joint, More Than 75% of Americans Back Campaign Finance Reform

politics , Paralympic Games Fired Back After Trump Called Them ‘Tough To Watch’

business , The Military Doesn't Advertise It, But U.S. Troops Are All Over Africa

politics , The NRA is reportedly preparing for an investigation into its ties to Kremlin-backed banker

politics , Amid the opioid epidemic, white means victim, black means addict

politics , In cringe-worthy speech, Trump tells Paralympians they were ‘tough to watch’

politics , You Know You've Fucked Up When Donald Trump Thanks You

politics , Maher to Roseanne: Admit ‘you impulse purchased a Trump’

sports , Brewers Martin Maldonado rips the cover off the ball

sports , F1 driver narrowly avoids a potentially horrific crash with incredible reflexes

sports , Wales crowd proudly sing national anthem, resulting in a debut goal for 17 year old Ben Woodburn

sports , Shaquem Griffin, a one handed linebacker, has been drafted in the 5th round of the NFL draft

entertainment , I found color Jackie Robinson footage transferring my family’s 8mm to DVD. Brooklyn Dodgers sometime in the early 50’s

sports , Skateboarder jumps a massive set of stairs [x-post /r/gifs]

sports , Russell Westbrook takes a swipe at a fan

sports , Oklahoma softball player beaten by throw still escapes the tag

sports , Insane Ultimate Frisbee Greatest Ending | Georgetown vs. UNCW

sports , Travelling Irish support in Poland erupt into song at the end of game despite being smashed 4-0 by the World Champions and being knocked out of the tournament as a result

sports , "Pancho Billa," a Buffalo Bills superfan who's battling cancer, gets invited to the NFL Draft stage to announce the team's third round pick

sports , Pittsburgh Steelers' Ryan Shazier, who suffered a serious spinal injury in December, walks on stage to announce team's 1st round draft pick

sports , If you were the Browns, who would you have drafted #1?

sports , Jordan Mailata, a 6'8" 346 pound Samoan rugby league player who has never played football, got drafted in the 7th round by the Philadelphia Eagles

technology , A.J. Pierzynski’s ambitious attempt at framing a wild pitch

sports , Can anyone tell me why one Spain shirt says 1909 and the other 1913?

sports , After 32 years the BSC YB became swiss champion!

sports , Tavon Austin traded to the Cowboys

sports , ELI5, what is “the draft”?

sports , Freakish Scorpion kick goal in the Australian soccer league (A-league)

technology , Any form of threatening, harassing, or violence / physical harm towards anyone will result in a ban

technology , Got a tech question or want to discuss tech? Weekly /r/Technology Tech Support / General Discussion Thread

technology , Critics Accuse FCC of Delaying Repeal of Net Neutrality to Help Corporate Interests

technology , ISP Sued For Breaching User Privacy After Blocking Pirate Sites

technology , Sweden opens new road that charges electric vehicles like real-life slot car

technology , Silicon Valley dating companies hires paid actors to deliberately catfish and deceive people into staying on the platform longer: "it has occurred to me that good matchmaking may not be in the company’s financial interest."

technology , Reddit.com posts obfuscated data to its root domain.

technology , PoC Code Published for Triggering an Instant BSOD on All Recent Windows Versions

technology , Snapchat to test unskippable ads because money is nice

technology , Microsoft attempts to spin its role in counterfeiting case

technology , More Than 100 Mayors Sign Open Internet Pledge as FCC's Net Neutrality Repeal Set to Take Effect: "We each commit our city to take all available steps to ensure the internet remains open and to keep gatekeepers from throttling, blocking, or limiting government content," says the pledge.

technology , TSB Train Wreck: Massive Bank IT Failure Going into Fifth Day; Customers Locked Out of Accounts, Getting Into Other People’s Accounts, Getting Bogus Data

technology , Simple dye improves contact lenses for red-green blindness

technology , Electric buses are avoiding hundreds of thousands of barrels of oil per day - China is buying electric buses in bulk, and major cities are doing their part, too.

technology , Cars are Ruining Our Cities

technology , NASA Cancels Moon Mission, Frustrating Scientists

technology , How AI is helping us discover materials faster than ever

technology , Apple’s working on a powerful, wireless headset for both AR, VR - The headset, which would straddle the two technologies and tap into Apple’s own chips, is slated for 2020. It’s the biggest sign of Apple’s interest in virtual reality.

technology , Tesla shareholders will vote on booting Elon Musk as chairman.

technology , Mars 2020 Rover suffers crack on heat shield during test

